device_temp,26,1
device_humid,52,1
device_temp,26,2
device_humid,52,2
device_temp,26,3
device_humid,52,3
device_temp,26,4
device_humid,52,4
device_temp,26,5
device_humid,52,5
device_temp,26,6
device_humid,52,6
device_temp,26,7
device_humid,52,7
device_temp,26,8
device_humid,52,8
device_temp,26,9
device_humid,52,9
device_temp,26,10
device_humid,53,10
device_temp,26,11
device_humid,53,11
device_temp,27,12
device_humid,53,12
device_temp,27,13
device_humid,53,13
device_temp,27,14
device_humid,53,14
device_temp,27,15
device_humid,53,15
device_temp,27,16
device_humid,53,16
device_temp,27,17
device_humid,53,17
device_temp,27,18
device_humid,53,18
device_temp,27,19
device_humid,53,19
device_temp,27,20
device_humid,53,20
device_temp,27,21
device_humid,53,21
device_temp,27,22
device_humid,53,22
device_temp,28,23
device_humid,53,23
device_temp,28,24
device_humid,53,24
device_temp,28,25
device_humid,53,25
device_temp,28,26
device_humid,53,26
device_temp,28,27
device_humid,53,27
device_temp,28,28
device_humid,52,28
device_temp,28,29
device_humid,52,29
device_temp,28,30
device_humid,52,30
device_temp,28,31
device_humid,52,31
device_temp,28,32
device_humid,52,32
device_temp,28,33
device_humid,52,33
device_temp,28,34
device_humid,52,34
device_temp,28,35
device_humid,52,35
device_temp,28,36
device_humid,52,36
device_temp,28,37
device_humid,52,37
device_temp,28,38
device_humid,52,38
device_temp,28,39
device_humid,52,39
device_temp,28,40
device_humid,52,40
device_temp,28,41
device_humid,52,41
device_temp,28,42
device_humid,52,42
device_temp,28,43
device_humid,51,43
device_temp,28,44
device_humid,51,44
device_temp,28,45
device_humid,51,45
