device_temp,27,1
device_humid,52,1
device_temp,26,2
device_humid,52,2
device_temp,26,3
device_humid,52,3
device_temp,26,4
device_humid,52,4
device_temp,26,5
device_humid,52,5
device_temp,27,6
device_humid,52,6
device_temp,27,7
device_humid,52,7
device_temp,27,8
device_humid,52,8
device_temp,27,9
device_humid,52,9
device_temp,27,10
device_humid,52,10
device_temp,27,11
device_humid,52,11
device_temp,27,12
device_humid,52,12
device_temp,27,13
device_humid,52,13
device_temp,27,14
device_humid,52,14
device_temp,27,15
device_humid,52,15
device_temp,28,16
device_humid,52,16
device_temp,28,17
device_humid,52,17
device_temp,28,18
device_humid,52,18
device_temp,28,19
device_humid,52,19
device_temp,28,20
device_humid,52,20
device_temp,28,21
device_humid,52,21
device_temp,28,22
device_humid,52,22
device_temp,28,23
device_humid,52,23
device_temp,28,24
device_humid,52,24
device_temp,28,25
device_humid,52,25
device_temp,28,26
device_humid,52,26
device_temp,28,27
device_humid,52,27
device_temp,28,28
device_humid,52,28
device_temp,28,29
device_humid,52,29
device_temp,28,30
device_humid,52,30
device_temp,28,31
device_humid,52,31
device_temp,28,32
device_humid,52,32
device_temp,28,33
device_humid,52,33
device_temp,28,34
device_humid,52,34
device_temp,28,35
device_humid,52,35
device_temp,28,36
device_humid,52,36
device_temp,28,37
device_humid,52,37
device_temp,28,38
device_humid,52,38
device_temp,28,39
device_humid,51,39
device_temp,28,40
device_humid,51,40
device_temp,28,41
device_humid,51,41
device_temp,28,42
device_humid,51,42
device_temp,28,43
device_humid,51,43
device_temp,28,44
device_humid,51,44
device_temp,28,45
device_humid,51,45
