device_temp,27,1
device_humid,52,1
device_temp,27,2
device_humid,53,2
device_temp,27,3
device_humid,53,3
device_temp,27,4
device_humid,53,4
device_temp,27,5
device_humid,53,5
device_temp,27,6
device_humid,53,6
device_temp,27,7
device_humid,53,7
device_temp,27,8
device_humid,53,8
device_temp,27,9
device_humid,53,9
device_temp,27,10
device_humid,53,10
device_temp,27,11
device_humid,53,11
device_temp,27,12
device_humid,53,12
device_temp,27,13
device_humid,53,13
device_temp,28,14
device_humid,53,14
device_temp,28,15
device_humid,53,15
device_temp,28,16
device_humid,53,16
device_temp,28,17
device_humid,53,17
device_temp,28,18
device_humid,53,18
device_temp,28,19
device_humid,53,19
device_temp,28,20
device_humid,53,20
device_temp,28,21
device_humid,53,21
device_temp,28,22
device_humid,53,22
device_temp,28,23
device_humid,53,23
device_temp,28,24
device_humid,53,24
device_temp,28,25
device_humid,53,25
device_temp,28,26
device_humid,53,26
device_temp,29,27
device_humid,53,27
device_temp,29,28
device_humid,53,28
device_temp,29,29
device_humid,53,29
device_temp,29,30
device_humid,53,30
device_temp,29,31
device_humid,53,31
device_temp,29,32
device_humid,53,32
device_temp,29,33
device_humid,52,33
device_temp,29,34
device_humid,52,34
device_temp,29,35
device_humid,52,35
device_temp,29,36
device_humid,52,36
device_temp,29,37
device_humid,52,37
device_temp,29,38
device_humid,52,38
device_temp,29,39
device_humid,52,39
device_temp,29,40
device_humid,52,40
device_temp,29,41
device_humid,52,41
device_temp,29,42
device_humid,52,42
device_temp,29,43
device_humid,52,43
device_temp,29,44
device_humid,51,44
device_temp,29,45
device_humid,51,45
