device_temp,28,1
device_humid,51,1
device_temp,28,2
device_humid,51,2
device_temp,28,3
device_humid,51,3
device_temp,28,4
device_humid,51,4
device_temp,28,5
device_humid,51,5
device_temp,28,6
device_humid,51,6
device_temp,28,7
device_humid,51,7
device_temp,28,8
device_humid,51,8
device_temp,28,9
device_humid,51,9
device_temp,28,10
device_humid,51,10
device_temp,28,11
device_humid,51,11
device_temp,28,12
device_humid,51,12
device_temp,28,13
device_humid,51,13
device_temp,29,14
device_humid,51,14
device_temp,29,15
device_humid,51,15
device_temp,29,16
device_humid,51,16
device_temp,29,17
device_humid,51,17
device_temp,29,18
device_humid,51,18
device_temp,29,19
device_humid,51,19
device_temp,29,20
device_humid,51,20
device_temp,29,21
device_humid,51,21
device_temp,29,22
device_humid,51,22
device_temp,29,23
device_humid,51,23
device_temp,29,24
device_humid,51,24
device_temp,29,25
device_humid,51,25
device_temp,29,26
device_humid,51,26
device_temp,29,27
device_humid,51,27
device_temp,29,28
device_humid,51,28
device_temp,29,29
device_humid,51,29
device_temp,30,30
device_humid,51,30
device_temp,29,31
device_humid,51,31
device_temp,29,32
device_humid,51,32
device_temp,29,33
device_humid,51,33
device_temp,29,34
device_humid,51,34
device_temp,29,35
device_humid,51,35
device_temp,29,36
device_humid,51,36
device_temp,29,37
device_humid,51,37
device_temp,29,38
device_humid,51,38
device_temp,29,39
device_humid,51,39
