device_temp,29,1
device_humid,50,1
device_temp,28,2
device_humid,50,2
device_temp,28,3
device_humid,50,3
device_temp,28,4
device_humid,50,4
device_temp,28,5
device_humid,50,5
device_temp,28,6
device_humid,50,6
device_temp,28,7
device_humid,50,7
device_temp,29,8
device_humid,50,8
device_temp,29,9
device_humid,51,9
device_temp,29,10
device_humid,51,10
device_temp,29,11
device_humid,51,11
device_temp,29,12
device_humid,51,12
device_temp,29,13
device_humid,51,13
device_temp,29,14
device_humid,51,14
device_temp,29,15
device_humid,51,15
device_temp,29,16
device_humid,51,16
device_temp,29,17
device_humid,51,17
device_temp,29,18
device_humid,51,18
device_temp,29,19
device_humid,51,19
device_temp,29,20
device_humid,51,20
device_temp,30,21
device_humid,51,21
device_temp,30,22
device_humid,51,22
device_temp,30,23
device_humid,51,23
device_temp,30,24
device_humid,51,24
device_temp,30,25
device_humid,51,25
device_temp,30,26
device_humid,51,26
device_temp,30,27
device_humid,51,27
device_temp,30,28
device_humid,51,28
device_temp,30,29
device_humid,51,29
device_temp,30,30
device_humid,51,30
device_temp,30,31
device_humid,51,31
device_temp,30,32
device_humid,51,32
device_temp,30,33
device_humid,51,33
device_temp,30,34
device_humid,51,34
device_temp,30,35
device_humid,50,35
device_temp,30,36
device_humid,50,36
device_temp,30,37
device_humid,50,37
device_temp,30,38
device_humid,50,38
device_temp,30,39
device_humid,50,39
device_temp,30,40
device_humid,50,40
device_temp,30,41
device_humid,50,41
device_temp,30,42
device_humid,50,42
device_temp,30,43
device_humid,50,43
device_temp,30,44
device_humid,50,44
device_temp,30,45
device_humid,50,45
